Voltage (V),Current (A),Temperature (Â°C),SoC
3.8841694527491275,0.3715210831246303,41.23036941243767,0.8745985308609913
4.000632556460694,-1.9597452173756267,34.52167971936464,0.7588739044703431
3.9219343632501507,-0.09669521657110902,35.463119799841515,1.0141792870540942
3.8814182280978278,0.8350815637641946,30.01041172834357,1.3409098292918156
3.7965583595372334,-1.8240982719036376,37.10086033620945,0.578229808394445
3.9521258791466596,1.5180859320949205,31.0580961733967,1.4051025235872965
3.806311047883885,0.08032566654269235,36.54568029085964,0.895130981141203
4.124241100547456,-1.8773558066971283,28.393562311481396,1.1576866911417167
4.17456393235072,-1.1023455523166392,28.189381846823174,1.4271133812003243
3.7684090631780442,1.814702785709252,33.34059482383987,1.0605284510031008
4.054207526657866,0.32927893220822124,33.53639030221082,1.128867996777728
3.870226443827033,-1.5701097289247818,30.36218529825078,0.8565637913550409
3.8976311927657528,-0.849821990877754,27.6319370073338,1.2144266929313137
4.147917646804863,-0.17318549655806326,25.784210784277942,1.5766561967463526
3.5497252407385207,-1.9161997229290781,25.504636545756323,1.0729415556658795
3.5609905097910786,-0.35353794554496476,30.431005800129512,0.9358792649598935
3.514152878208228,-0.042165458261207434,34.237068843238745,0.5896082116777336
4.082833891883556,-1.0252884988750712,39.52486562612254,0.8654263988132819
4.044709725664895,0.3545560011679463,34.49743401428018,1.130022045013203
4.109008503772774,1.0129604783687074,43.081016388705635,0.8723882400854966
4.185032839562935,-1.056663103577458,25.70439609150814,1.6352304846068715
4.0594109949517065,0.48199960111995077,28.613212430812688,1.6013875099344586
3.8230355535770526,0.5584889718549664,31.770289855402854,1.339581990855792
4.046370423400519,1.794161204515364,36.54992376130245,1.1771553528996102
3.5827920981082535,1.113104669185775,42.05472315787885,0.5476412223097775
3.9479447149292666,1.393381079160024,32.00403903913153,1.1948613473282343
3.6003473011863325,-0.03832036625489943,30.3597736500884,1.104582408704049
4.1612682419347085,-1.2586056520824687,26.237783376857916,1.3566492908459762
3.8652938252250504,1.98326117183854,41.42606955396208,0.6522031482802427
3.7902633579933664,-1.4825769558452015,32.59332886413358,0.958298812338196
3.685188928473239,-0.11417072258293848,36.43100390833869,0.6944953297612572
4.041963582603952,-1.7276276030315736,44.67110836342441,0.5008170574826121
3.819305232551584,1.775403429403278,25.03189141208589,1.640266900056759
3.897903764208054,1.8596997633937584,27.90900281397732,1.3560522054837763
3.5131528603054485,0.8775562480158943,40.58221988038711,0.2458836965637864
3.932344847953114,-0.6000286254793243,41.10254970415676,0.5278508711021374
3.928467005905695,-0.9824703955295027,40.384942380655104,0.634081894246367
3.93185379781233,-0.9387867018518103,35.73997782085659,0.7492424637711433
4.160623654960237,-1.490823898319701,44.577139620461125,0.46922104268226783
3.9772742093724385,0.10323581230689172,32.923691199906415,1.0023368947363425
3.75165553040165,-1.43273089719409,37.038873962262244,0.6479298794283261
3.805922367659539,-0.7330773337861749,26.267380090976967,1.2865515121378435
3.9883418371490853,0.5068259038364196,33.19714899814677,1.1345251640758998
3.542157830140489,0.9101744383629993,39.45000175019844,0.7377343675560941
3.9667367008119676,-1.9029091815117551,29.774776815413986,1.2474574343784584
3.9694465087327115,-0.2795360624930403,43.876551781462965,0.6133580810440905
3.6472677927516886,0.6084983793685561,38.73566735286578,0.49717680707307355
3.590248408358397,1.4129839046340513,30.75150765715143,1.0064278787361507
3.720799845646929,-0.09870087115167037,40.37997845411713,0.6164039152401514
3.754597539659836,1.876823486870741,26.663295436162183,1.419880096616391
3.8991377392925157,-0.9374698098342109,44.49548845020913,0.3621658708397011
3.8070210594236245,-1.9459651734931245,25.98570518147117,1.260929704632472
4.191861686641459,-0.0649885411930553,43.669117822974364,0.7954359175702388
3.5714313675236196,-0.9755448199199281,30.057077554965225,1.0310090409076746
3.6462137292663845,1.2948706880926775,40.156482153817805,0.6310916419401986
3.6129166625194973,-1.0689093112755517,25.00147398866212,1.3095995752476766
3.957175827825779,-0.7574831268347748,30.084801783591995,1.134621552906519
3.6773041217778477,1.1649097240764492,39.9820121329944,0.8414524000162943
3.8264175409994143,0.86057300810144,35.646721417946445,0.9927969729740896
3.671097914401122,0.2322049466290501,27.299042992742297,1.1419859103956147
3.611278708551864,0.819792247691038,32.872594916745506,0.8031226241527799
3.5772625988150137,-0.325452545719894,32.51098710169085,0.8158419780278079
3.9594307126256916,-1.9787598095413288,36.363244883619,0.7299400039033571
3.5967280659440295,-1.9545794859512298,38.35954144920436,0.4900408161177246
3.6376076531760373,0.04488715029474655,41.816604848245,0.44892477955962967
3.758107619462675,-1.666836081124003,34.94462793954745,0.6735171306762546
4.074695260893555,-1.7956980793229729,32.8404343461034,1.1383989046827747
3.567970893055143,1.8620665565498933,27.879530681907635,1.2673270905711924
4.086561435249163,1.4360105586322343,41.09645929979445,0.8917469139252239
3.5672688855257744,-1.391891091161722,39.2674081082912,0.45198959706656694
4.1835216255093775,-1.997343125639182,33.1735479490937,1.0210706059532342
3.8280558411533914,1.7666711815590257,35.36864619885339,1.153754111189758
4.1837327617332365,-0.8866988067195427,38.303656888237775,0.865068496951103
3.923391863821532,-1.25640958857801,28.296111796950754,1.1836318376726955
4.017484505578811,0.7660324313261411,25.543955888158404,1.6268623001886882
3.5274314545780245,-1.5643850446346952,31.350073983733708,0.7078471825280316
3.6979648738034867,-0.9414016079887988,36.91170039272326,0.6475050842916587
3.5841375928492183,1.900378720848186,34.73212182562918,1.0438752927218187
3.7072981382655015,0.5578510978960409,38.851092537262545,0.7493993588443327
3.583109403267971,0.08271116593021421,41.3937961114907,0.4948548783095287
3.7225882255757834,-0.40832554066024906,34.76884933460552,0.7629936932448207
3.789984096160269,1.098003819536808,27.685340474356497,1.4638052023754808
3.544903247444149,-1.436170093905225,42.012559995979316,0.3041434980723237
3.984730483559014,1.8693512081479287,36.499806545482286,1.2516980512581508
3.896621017944603,1.4444920322631467,39.798749615657414,0.8095098517860555
3.6857726436576117,0.47062793027697314,39.093293072165835,0.6551931303115874
3.8662736374266897,-1.8283752383897673,44.36423542662483,0.36869564127450427
3.565758357530909,0.8034225977909508,30.906146446716278,0.9701842759732042
3.9031625468893254,1.6531373635419233,39.10613545558524,0.9196084994210618
4.15050733830335,0.09830826991450392,32.31352666251836,1.4920902044238296
3.7229982667159267,-0.5831007126909489,32.908214418372836,1.0975540957401932
3.9671872659745775,-1.5188906200821215,29.61189273317443,1.2685414424980066
3.5922585036830745,1.0196044165502731,31.88020351301708,1.116389732207302
4.001429042882996,1.5400874048472248,43.965935033165266,0.6547872038940434
3.7025842650630407,-1.5989930236966057,30.85141693895202,0.9405950593694788
3.628233953404982,1.0359382190093678,29.919812119131734,1.1114553238212486
3.9105590543670585,-1.93175805496361,36.662759569476435,0.6052203643262214
3.5140752823312456,1.8682196723088782,30.16071913483509,1.0877381242618727
4.080258020452154,0.4602320825403847,34.4677145118859,1.190384604380886
3.503286833334783,0.2097562359665326,41.68352513112474,0.334364592944898
3.974471575757361,-0.8162006656442888,29.60800628614351,1.1650297795878646
3.6890055812345155,1.7171666862791337,33.5338282436784,1.1565333131504516
4.014635815485817,-0.9363774906528359,37.209794700400636,0.8705282352670793
4.173531981582207,1.3125864528667797,35.91257849146971,1.2804479157869693
3.6741272004639707,1.940434717348528,44.49446474830474,0.5523965143340245
3.903310134092486,1.1335865820592232,38.6074050879039,0.8477351833383024
3.9144293518902873,0.07595968154572708,39.798924840968795,0.6206930806332651
3.9005763340536115,-1.7357029445933123,44.33911895933467,0.37093366245351095
3.656157142848433,-0.11034484331570793,33.28876050457042,0.8331338272212667
4.16692430806189,-0.24697621211318577,32.10759630122102,1.0856913525123648
3.8129877650323394,-1.188815835252019,25.87724859532765,1.2170906964345376
4.092486070729789,-0.30564945314278225,28.684086130376542,1.2907492035436843
3.989635492722253,-0.5689684636786452,29.743792641033515,1.3185233899168125
3.7082058655985937,-1.3452629553934061,28.67008934142677,1.0798758660323704
4.069658473791734,-0.23450342667005541,40.095677863931286,0.8702160102744908
3.7775540185928893,-0.9488001747020438,35.71765962552223,0.6970206524528373
4.1167722379778136,0.08824968272905753,38.352676029169345,1.046086891585123
3.906891010845101,-1.8593597611352233,41.40924321678747,0.5103905489520819
4.117214753298397,1.6249256791491367,29.615478825717894,1.5227835000939143
3.9847721130544365,1.2654572220794242,31.51847879642998,1.294628518310697
4.007677995873749,0.21032533004201825,39.16720534073194,0.9573176783665991
3.8509270673486915,1.4072343310289726,32.85517891808946,1.1462530286461425
4.169258544306257,1.8495802952432019,25.585418802020882,1.8545337177902836
3.950793139460746,-1.5579108237893577,33.69910438053756,1.028204594897986
3.796698533990726,0.5233272336392152,43.16546172830829,0.742682873297726
3.924475249889547,1.9919760037426344,33.18043023185749,1.4536960761478444
3.5134352388165335,1.9515566773341044,31.64497832885494,1.1623936948831397
3.7111023716721845,0.4132919691629784,44.79050165890054,0.24898463898466128
3.9621214762448798,-1.4879165181967333,37.88831128474026,0.6613729743729322
3.7030543250473107,0.33277132396211284,32.31996052942362,0.9546084147108941
3.932610800299189,-1.9917414577023131,27.040390627276146,1.3669488663319256
3.8001380906620366,-1.2043546613325615,40.75698889892843,0.4318799582865387
3.5948318449557153,1.8244926382398399,39.161498669755154,0.7793732595150638
3.7087976281692216,-0.6782377095886245,43.4383159849713,0.3665054758367591
3.8989754374908854,0.5535604231077942,29.345512600560166,1.223850497582636
3.913610932873721,-0.8765620214710292,27.29848699976464,1.3251295018382079
3.9020276741947053,1.7912875484463582,39.48145052818127,0.976305208991615
3.957240573899994,0.9142349197979471,29.06791683997391,1.2825185635369447
3.9564722890011823,-0.6813953696743495,28.52207675578992,1.3975749722492374
3.801992904803782,1.1670456847214834,31.396146707921442,0.9996412635532045
4.127582617095745,-1.5673379020946494,41.33650282956876,0.606673184988122
3.7572933090335274,-0.4307242397381623,35.790732102192614,0.8946933166265798
3.8051054476859387,-1.1151274890736307,25.91700710204562,1.1368849260231089
4.12434634851097,0.734905789104185,34.27789349318634,1.2816649401649833
4.06433579233226,-1.5902148729122785,38.67959222732951,0.6223979171473353
3.9927220084782564,-0.4118966708693037,35.76736876938031,0.9560448859344112
3.5701588211186106,-0.8934010791632416,36.44900436313112,0.35594353739292706
4.143637829621271,0.02537167729521661,29.495546567853292,1.3440491499004457
3.999968909684378,-0.6004092779844843,41.95478663190696,0.48790583266983867
4.199192904597506,0.8256423106680439,36.22797435182248,1.1704241724812847
3.604613813260596,-1.9016919027721357,39.26492026081353,0.3282913263823607
4.10768824015775,0.53594768522363,44.63728434026605,0.6297459024885713
3.6137450542734624,-1.07771484122472,33.56397315349064,0.8234427158510939
3.930891694998691,-0.9251638849726027,42.62133225353017,0.4393532249381704
3.586673987994609,1.2010224143340942,25.1456202788225,1.4369316864074158
4.0936057605255645,1.8222735759216833,25.668145852302402,1.9272716743408294
4.065123271107508,-0.7337991598916536,36.80559843457634,0.9458328670877411
3.8983705170302154,1.3072210814763028,31.228987910844012,1.2123650540690405
3.7850283080582,-1.5840366481150676,29.965531340394005,0.8679057323233785
3.5484168968185967,0.5359266120295327,30.558707144179174,0.9385706217550623
3.9882001412011947,1.0041291981396752,31.36805869221175,1.3942143561192053
3.817479877874648,-1.3760882878621739,39.57895392286846,0.5712384630795033
4.005438919629244,-0.2959904493217578,36.38391944461889,1.048691748202749
4.106467628150041,1.5708286569959262,40.78071945118667,1.0696073207780086
4.18286505350202,-1.5856861462065113,41.60393159670104,0.7033214081835344
4.099062339674828,-1.9276145671940994,41.85869718602564,0.6309961479183338
3.5081998589295016,0.36234151619173494,33.29288298349775,1.0128545246369849
3.7519846451348546,-0.25787383787626617,33.42546792632822,1.0708940941078284
4.0109933936968405,1.1947569955356108,43.52531760281168,0.72063059331034
3.6201407740830085,1.6938221528164266,38.23527189208821,0.8906851067289266
3.8647256243428907,-0.8033854218247356,26.609343679582775,1.3530872914602046
3.5380365918374777,-0.4463835313235789,35.843739081849364,0.753439114815382
3.6399975674274803,-0.05491165468274062,32.12014519269814,1.003661529299646
3.51296525612243,0.35260584174119725,44.748699794327266,0.15948453023915826
4.055588392350194,1.9354153187264669,25.273108129245852,1.6068295435182196
3.656747281642266,0.789321003320206,37.24361746141116,0.8337370261315569
3.741746176487832,-0.44180597061772486,39.47246188797716,0.7916804519178348
4.149656905425914,-0.9449292541981515,30.778135427147106,1.193793726226972
3.993090081346473,1.7785028736884962,44.47283036513064,0.7305628522498835
3.5222872506719156,-1.4578062675659744,42.190732540434226,0.10670904907251046
3.615285909548539,0.8810634100190322,43.31305681971625,0.5709365871706337
3.935034881049835,1.7015801011697627,25.38464118703097,1.4249336819959602
3.904060012022917,0.6586623461377545,36.39744302629618,0.7524700616114273
3.6665249749621562,-0.3077822393355154,30.893004839090935,1.0286410085674262
4.153949798547356,-1.204036240298064,41.98057269871326,0.6800982353385443
3.9297761691761273,-0.530098710992291,37.65699313829925,0.7670214889017164
3.874942962117471,0.8274872376804883,35.77754008642219,0.9762223142768268
3.9129369834482,0.5981368967011873,27.291763393512113,1.4879801998538893
4.011085420661739,1.7119046663934316,35.804456095723815,1.1473470574114029
3.7183614968357213,1.4674436546374996,37.638082927128536,0.7580007697190165
3.7787547435512643,1.2646030090654734,44.11824618620409,0.47294001927493085
3.6468906242825856,1.6458035014030492,36.70102020847739,0.9711866629139294
3.6303351041162353,-0.8946513890518024,44.34801203491309,0.18189463673430725
4.161060672988754,-0.521905839441402,44.23212231213324,0.5104180131646051
4.017685556534501,-0.4804243848559304,38.00400671667195,0.8743549479493572
3.8433211660322972,0.24180235483912105,35.11815968236178,1.0090965397664327
3.6591902395813265,0.672872918171084,34.320434876520984,1.04559479045331
3.678049537239275,-0.8531332678384227,42.80757122231565,0.37073312688003396
3.540620412226713,-1.9221501307627986,25.565133659435133,0.9419914677896953
3.804091637890685,-0.4031104653683628,27.276163960471433,1.306145688690774
3.718257117395872,-0.765888161782398,27.041434582383037,1.2468369238817623
3.9874404421708216,1.7687388760721916,40.138706502421094,0.9572563413393588
3.7644262875047367,1.5530601621761742,31.793020477050696,1.1962934543458408
3.6257225742917445,1.4412427133736783,37.75937089481402,0.8201748190947644
3.517275109873932,0.6119990437809721,37.07565807685131,0.6625239276216652
3.547074742024274,-0.6228433412042444,32.716559394850634,0.8098514062423477
3.9755749414489974,0.19539706959721892,35.63135444484797,0.9186831112889284
3.817587791189232,1.2609001628654908,37.9027706714332,0.7882191595655003
3.8756054477761057,-1.6055585251087559,43.81900659756276,0.27780649310418337
4.12766990512824,1.2042995210212188,36.51268145721963,1.2483859071638508
4.193237263177693,-1.8352808346875134,37.28735023536629,0.9132502457213797
3.6518278890789317,1.2656841248574229,26.357116354075508,1.4690160135621744
3.964154742170071,1.230255216639494,44.044316295202236,0.6770489342114259
3.6843256637160056,-1.7959707646849767,35.561638558187724,0.506984820639135
3.51445569962601,0.508642845847433,41.02546839719844,0.5741652079914839
4.030865057685299,0.00981229725158883,26.00582126294778,1.5204190014034893
3.7240120055757275,-1.3207219873131413,33.418202714741824,0.9321715730612565
3.7684247259203287,-1.4064842492904974,30.13950918305403,1.0500680732016965
3.911821979487524,1.0930365042680927,30.339517973771798,1.54946500526177
4.081733918665334,0.27077099534737625,40.829074599218586,0.8208598140682057
3.940287290513804,1.9319965396661298,37.47733450537707,1.1676064225663403
4.110855458813177,1.9289911091533765,33.79490623685696,1.4698890308770074
3.6914794243709452,1.9706679738570654,25.211714791727868,1.4650040203095291
4.058632783738795,-1.5255379265369364,44.298558858910596,0.45631298130723663
3.6299451610141666,1.753024547855849,44.24046506711448,0.3580669799181053
4.166954159880361,-1.0217215639177488,29.35104420560077,1.1922639315441725
3.981241793471471,-0.16715096096555193,25.826927446331133,1.491464667169995
3.650855373979491,1.0296262232869036,35.60398726023804,0.9576627281721743
4.163159413342247,-1.185516271691072,44.02821629232815,0.6580515509036029
4.01159906473911,0.26524642221731964,43.207916915298696,0.7082506016001394
3.6777591498165183,-1.2567330070960172,36.693257277787936,0.7003969555876732
3.6493183841572376,-1.5810555732748268,31.070977013074142,0.7838986813589437
3.8627404997514643,-1.5337655502816059,31.59921767538392,0.9433276361798923
3.517963902638172,-0.5694438606071248,42.95827102972055,0.3314689456413685
3.6452290528087765,-1.981380652651266,34.835680712711536,0.6550501090103331
3.7972798281260545,-0.3005843151932419,27.622324579342912,1.225902337822092
3.761918986233958,0.6567884203245962,29.968509519472146,1.332676095035414
3.8245027970553673,-0.3932472599840451,30.53589802934998,0.9818322053681405
3.6943400944063125,-1.6568215979206595,27.470933698638188,0.9949413526315837
3.910749042520718,-1.7492445519054378,34.26088763042583,0.821215715607042
4.104698924146263,-0.8875339489405532,43.32101816549982,0.7001384317107143
3.582272299173423,-1.322749237825597,38.37565085984522,0.4567716624380988
3.86216537500788,1.8603798928718778,26.44947848497712,1.4409306528647863
3.5924476744416074,-1.39507910010366,25.109896356183256,1.171111062271202
4.0018017768348155,1.2218497496199863,30.524953349385086,1.5059531828238042
3.7772417919651056,0.3444317669645791,32.253858695878804,1.1397499495913943
3.8957949183009566,0.2771476799371775,40.53499338093552,0.7899370339181602
3.6282958853498553,0.048322863695138274,44.34011047860733,0.14020253250993905
3.601393431540364,1.8870523044558043,32.75134346847087,0.982124811425943
3.8416393964542683,-0.5446208996334487,38.73380059633722,0.7462035186050021
3.748928916494969,1.151663003815505,44.89803814705927,0.48902581609962664
4.158302361676969,0.22117642986783848,39.91333167750029,0.989518472485529
4.035727677664876,-0.41746532949709536,37.72379098171689,0.7704390246335635
4.024064533895383,1.8218637332231236,26.561497083566085,1.6648072164422874
4.132603817822154,0.39326387745874847,31.464304023894606,1.2199557571370314
3.558395704809413,-1.5243322314159458,43.267843169143134,-0.02031624449410263
3.886534728945685,-0.3298431960125736,29.020109633618112,1.2661624178305049
3.9091332482690384,1.1263269107264304,41.871807185464164,0.8396944852334596
4.173355464983061,0.7749880929568551,38.92647370161011,1.0770855924934999
3.704503268754784,1.6653613193462968,32.326487416615095,1.1400644012057568
3.6685801459408127,-0.9624904634339191,35.58348539425313,0.5363813519195934
3.5702057595858485,1.0327748654152953,35.85612937505627,0.9102257562085646
3.5115007407140317,-0.1604991704219163,39.281075701477725,0.47354232664615004
4.150670521754534,0.29443898786726175,35.33111882198392,1.3643135234362802
3.9689415826136374,1.820186724025132,27.661519803683326,1.671433220875589
4.049607038416196,1.9171452799567095,40.46909343043825,0.8024722406998812
3.6972110740277646,1.4463638557022542,33.12544993812237,1.1519166085091306
3.9104871163304287,-0.563611649078815,44.261877804238544,0.3282324025541752
3.5447686862846868,1.5508033429092793,30.670275645860688,1.0269550833542676
3.839939317154236,0.554436710565652,30.261575605931693,1.2052467450919309
4.184246597821113,-0.2800128781171476,31.67014791350365,1.3080576899516216
4.113553671721614,-1.857029269998065,36.446340319172506,0.9112241488084438
3.736711266285792,1.0805124967663287,42.89739480401965,0.47659389179528294
4.173099108179049,0.008422322896452172,28.525632802800295,1.3806607674493
3.662191138529843,1.144753997860243,30.593575951984405,1.2083909193310018
4.164523175690977,0.9920911973730795,36.63359686295723,1.1813704727797278
4.158964393294549,1.1742694721934077,34.0866848432303,1.3418050852341625
4.059441811146675,-0.7973953652129326,33.94645774511451,0.8451785088561874
3.941313555806754,1.2031943962705238,41.414685241928126,0.7907909282638413
4.112001576637463,0.19538531386466929,43.477566050227225,0.6349884142151803
3.705114199155458,-0.10669519820342721,34.62613932139764,0.7595408162169089
4.094260488719043,0.7005036552830277,38.74703590894548,1.0908743926068167
3.9325136843422666,-1.9145652682466068,41.02117422054788,0.40067721829028
3.50926580043123,-1.590732736449623,35.36732820774328,0.41975671563713135
3.743063462552554,-0.8312905393299119,30.886328179074706,0.9595979005598868
3.6036986026637154,1.9319604398313586,37.76169195444567,0.8727293511901871
4.187280572872777,-1.44101688454018,36.702182006121184,0.8634841392760579
3.8348592149279916,-0.6776147969631587,43.03125639479221,0.5884915545916735
3.848173955849064,-1.7957877412323056,26.04814073539712,1.3567207107373798
3.9476307614791066,-0.6749244788290949,43.202627742669335,0.4475729913721518
3.758009224290732,-0.7186948539566735,35.68864056330719,0.7497967678847998
3.5958301901799192,1.7872286837780886,25.313522320998278,1.352260338188077
4.075482413235972,1.3806163479828815,31.89404357535576,1.2276589348085576
3.6328935383319307,-0.46894312302891406,39.486671277506396,0.5520987056997558
3.857923287782519,-1.9009237678430053,34.76866175871666,0.8453803235505665
3.6570219202823173,1.3241244559815128,44.60318074881985,0.663355178667437
3.568491139145824,0.6421447085781606,33.45220147662097,0.7998072440657105
4.103534062195179,-1.390542065394761,31.532704592520155,1.2904079164524032
4.181043642316191,1.9842850840407489,41.433438688591366,1.1877224927216357
4.172584260644101,-1.5990662503035078,35.95813398716063,0.982780989019203
4.1345888494548255,1.4684581663746514,38.64653158125118,1.1689477811508902
4.041833132889048,-0.8229353434812441,41.11404676077355,0.7786146254656018
3.7332016064200495,-0.25858613469937186,38.42855092251241,0.863364959722667
3.5567709729915977,1.1818261071052585,33.44814989537329,0.9832956532976261
3.7850688199896654,0.7100334239760411,27.495928957886015,1.3397412799457005
3.66256389951966,1.7514574977761566,36.604963331426006,0.82207543296933
3.5927413443305882,0.4845613018415329,42.94866653458519,0.446473819987555
3.537399027250778,-1.608759354083789,33.3778485303683,0.7488274504260575
4.0079160549474055,1.5374414529678013,43.21450469685681,0.8230211850500704
3.507999221037522,1.0766220999543643,35.07055639564804,0.7317415200467996
4.039406523951944,0.8474818035732881,37.41683124884953,1.0503988049308688
3.6028626517802627,-1.7850658105850585,41.65976952111286,0.24759345088602355
3.555665457810729,-0.41510902135302397,36.29194219281443,0.6593316844670571
3.5627221239670237,-1.330256722161843,26.81938678591127,0.8537256385433434
3.97043346514774,1.287615633631476,44.6195880160079,0.7321644495764436
3.6717570468969916,0.8021144912714511,29.916986038256674,1.2141343957185775
3.794377626676069,1.532310389276541,39.21010657260397,0.8932753927893545
3.890158153926742,1.8663004276966557,35.102268772354776,1.1542510301861437
4.102385821680156,1.0989904567699944,34.575452736354165,1.0722028577750577
4.00893098389793,1.9769323328830484,29.878816377337827,1.5080718239528377
3.6892295336671004,0.45907954457719535,39.44301531400208,0.7622893622588023
3.5920379595037892,-1.8514815844342087,27.255765296619746,0.8804772607489977
3.5387620242948388,-1.9429939393988165,44.8090661872297,-0.15654623291110834
3.7111190441366597,-0.6315844991848452,41.90747074214408,0.28519554668290403
3.683482704467775,1.2938868762701485,35.690178800115845,0.9547202099307253
3.819298396760336,1.464538825298924,33.49105912116019,1.1826974050893615
3.9782969348833763,1.8432501152907115,30.729292649197355,1.5212975529497137
3.9869378119472003,-1.7395141258047264,35.03182941881535,0.8597876852688346
3.698463192607517,-1.8217155560493437,42.58834924048336,0.1273023795983021
3.765948869130084,1.6531343854681348,30.500128014013672,1.1946208321778207
3.626805673215832,-0.7798132065485537,35.01074917606272,0.7921291290530256
4.051981858614563,0.2319496024385308,29.690998041340617,1.3890819499509635
3.5397936535032684,1.9297795320028395,31.742982273299027,1.1486673604556183
3.9878980692074912,-0.3982058610563066,28.80521017846665,1.3549264339623848
4.045086777158772,0.6634855932393595,44.810783878423756,0.6368740542408589
4.044185293294127,-0.39648174547205883,36.42994892924911,0.9523834005454246
3.6815957950417486,1.072778657851119,39.65630248073391,0.8872900252532259
3.761669196552793,0.11085890229146322,26.964998269040734,1.3374718410249868
3.9113197446374723,-1.0499074480546011,32.32235100148632,1.0039567713348185
3.690975331697127,-0.9147755949661351,42.85279606094643,0.39510736873773467
3.759596959452522,-0.967763149846371,26.688766528478958,1.2227938121706072
3.637937996129948,0.12928131303424317,28.309664566792264,0.928265862905328
3.8218991186292053,0.8127560640626572,37.50835220702337,0.9461958305327721
3.53122861087788,1.7971196001725684,37.4557798820845,0.9608769209365154
4.059857119199433,0.7763495003319196,41.76454088907859,0.7532799021798586
3.553869512890643,1.1247713758495625,43.70985527742843,0.5600966076209016
3.8631846041820683,-1.3242955365417375,27.839729508505275,1.1541262241148187
3.7147670696816375,-0.5037494999706973,30.18747637053999,1.0699353200180592
3.904280064181963,-0.3448791205669357,33.54922811386512,1.1280827288747415
4.171603338583398,0.745520920001892,25.01806571042499,1.6717710003582367
3.951899171119203,-0.8164320944925056,26.396286059193898,1.4891212986563438
3.5247537050288438,-0.7868323143213356,29.529825558820434,0.7907313560111009
3.801281707655643,-0.5764433814365275,34.62203928031624,0.7846354183080934
3.8570117966227753,1.241208326172929,30.030454763372255,1.2631543203498699
3.8753242462924167,0.31036036017339486,42.53363784446096,0.6832816528441729
3.9769747574226866,-1.6988908806690621,31.48545751084022,1.0056329255300163
3.6943172684122363,-1.6870156012381248,43.49245624285257,0.09070026966353714
3.590202395826424,-0.5148522228700028,44.495745214694196,0.2152159068718038
3.774872973582966,1.0663642024246331,33.997230678151574,0.9707638295895221
4.169484005957164,0.7547337059147221,29.542576337986475,1.5901127199462
3.6309916242255915,0.8319294186047466,30.833322668460067,1.0488974399498745
4.132788768449766,1.0688402642163877,40.52667363318892,0.9805798902670936
3.8806641650541285,-0.8513891484546825,30.466994155851822,1.0674290471857628
3.819837995152036,0.1930251277683519,32.611657358405694,1.1060001382860047
4.117428987160923,0.1734105612670782,34.571517169637,1.1526064123104485
3.82102277323801,0.9585300047197971,36.502222329399686,0.9779776967373086
4.00691734562808,1.8274822764225855,44.92200880602476,0.48215107280650543
3.7793177251921715,-0.8880402208181364,29.644195103271848,1.0842337180868924
4.132831075030671,1.1731266910281928,32.068474064963375,1.4482620853871433
3.9830175141338593,0.6398821940930497,30.257823540210218,1.3192812968010361
3.989735437975362,0.3209514834538405,32.222268732874205,1.2807357654236808
3.7294042810899835,1.0995191173896077,27.01609033789241,1.4435910945066106
4.029745049915823,1.7761298657123974,32.19619534482094,1.5190461434562188
3.945242738812999,-1.853234328522348,42.75730062928777,0.448962613659704
3.668014191365797,-1.4103995899471173,30.97179695692898,0.6866000566478989
3.6123771757396796,1.025148926004463,32.438695596981376,0.7806941908901885
4.0574740321621325,-1.6648345883596618,43.8894832887587,0.3190901040321399
4.171416622124656,0.06449480296437216,39.56757992653736,0.9442714133384141
3.82069717908203,-1.1205568934335721,35.33477429636097,0.7799630923679585
3.9136889157265795,-0.9028171846289941,40.54385456806881,0.6497317793442628
4.100405850935489,0.807361931777665,27.46359297709008,1.5153160477223868
3.8200564173477,-1.8792289069251535,34.28980706441685,0.6979771310794576
4.166312133782916,1.4932777116076146,27.364722574717327,1.7530149303139793
3.9030258134314106,-0.22208417859092,29.6723629003916,1.2918839476605648
4.074536984490921,0.009573175628404318,27.837345194805174,1.435600933418178
4.136190602888917,0.1601918547747676,32.23602478338279,1.2957037025066838
4.070866673137998,0.5821771783179757,32.632786407918516,1.3166165029653696
3.611590124414269,-0.6205736535090076,43.946171636664815,0.3191814974221462
3.94022890734319,-1.5955700377460347,30.282514623750586,0.9700794302182262
3.778903981033774,-0.7264842533352938,34.44857690633034,0.7781981304817999
3.543899066416342,-1.3274315279087188,41.22758807926974,0.16355218517254186
3.7968225763228896,0.22453271780189565,41.31235172873323,0.5639208272858671
3.6810788468225852,-0.7278854761584541,40.0068637407004,0.5848568170591266
4.094326815899958,1.8322687119737395,30.756675242801457,1.5660490668816485
3.5233132385826873,1.8629371119211227,34.89943238822714,0.7978315627523804
4.171287905304432,0.4805035222729659,28.724231903734466,1.5829669634362735
3.748758193930351,0.46998907066914386,28.767990455656086,1.2413144305696004
3.74969482328178,1.9415142582684237,33.71682426276622,1.083703918277185
3.5114299518785956,1.549132604940744,39.77184442485882,0.4836760400557869
3.6296626276653288,1.06027979663256,35.531685199956755,0.8527252218693713
3.780881650562526,-0.7456375530291952,42.73366441694905,0.5033645798549915
4.1505039921119,-0.5378438875276945,41.61817595555152,0.5543498431083715
3.5697304511548897,-1.1949329369565382,25.63210885640811,1.0581002595172184
4.161711073435356,-0.05140749233050146,36.36838085732432,1.315066329185979
4.108641971382642,1.9614740885583184,37.18322528711286,1.2802991963248471
3.8179136778352865,1.648603812046355,44.23150288600163,0.6518080608896017
3.728690617237782,-1.5266022639221237,25.464732534177234,1.1104680620082819
3.66292089049534,-1.8992388428379754,35.62207541937258,0.5251839843069142
3.9301252945338123,1.5945506736330648,29.09562723871705,1.447432572031126
3.5231522140328537,0.14868051179482977,26.07325812583178,1.3376980576486046
3.5109242451127796,-1.1992404471661753,36.74977049463447,0.5467933212200977
3.8001570057487664,0.6946130783385414,40.45208287265605,0.6197512284481056
3.5476518517823044,0.5768927117192799,40.49730898450376,0.6338588144327388
3.6763586917722653,-1.5116575726541313,25.605768203118135,1.1127374961034564
3.6548126407422585,-0.9615990660095219,33.13892800543179,0.9749971897484343
3.6772338356059966,-1.7596881427469682,25.89019254297241,1.0469249410371098
3.5917386618506804,-1.1605581045194322,29.956772939815394,0.799996030162374
3.508425356028358,-1.4707773005877485,28.857614055158965,0.8834022741844842
3.5808390079971235,-1.2270548301017756,29.303651584843145,1.0169319417256812
3.9329361816589237,0.7418685836524679,31.78236828069057,1.341868251165056
4.181979348972636,-1.802001022955729,30.548360836719965,1.2356865768161547
4.193241501092626,-1.592581539007134,44.24559822655196,0.46492131673966464
3.7863378667611434,-1.4633054476868494,32.04814240018764,0.8511647697649443
3.614068098232624,-0.7338355161674639,42.88345030585944,0.11046341501769644
3.9471332301565707,-0.8049987565922363,28.6208334304185,1.160139560172569
3.843213742584116,-0.9797448587334423,40.274937343764286,0.5606825852575965
4.192586844099102,1.002146613729665,26.226910720492857,1.7625801302830428
3.545712945006246,1.9920911510324024,34.25522458938683,0.9345015149917933
4.048264106819669,0.13591169451518326,25.110208804710517,1.5861676984919868
3.701878948132046,1.7768108716557682,41.20581526138872,0.6690870433135909
3.6689930340536017,-0.4135595514957413,44.00972072075568,0.40155566306913976
3.9637532000728735,-1.5732702127891462,25.702147416542914,1.242281554102297
3.6722442294936752,-0.36490468212065075,43.67692722946629,0.4339889223748255
3.9661013822914315,-0.8154889063412267,40.47707782982706,0.8669562667299174
3.862115962041602,-0.02637215084328748,32.177231575855906,1.1392613451541904
3.7968622919050947,0.6281747076656927,43.1775310244561,0.5090353628549262
3.8882814660629936,-0.15579912339036728,30.92514542501802,1.1063328282454792
3.700936063943741,1.7406420483113023,33.18590624469524,1.2264078595753964
3.9946022943910853,1.5390592891975197,26.934225243840434,1.4907573302142902
3.790399808533495,0.8079103806647887,38.13877923800288,0.7317515001125245
3.7523818923401246,-0.04126035054180344,25.592016574845438,1.2264956154545883
4.0800598401890165,-1.4732508727421725,34.69810550398074,0.8459601416069885
4.1474768383672345,-0.41194533288946644,38.66383700505068,0.8243657713775976
3.532205117621108,0.8176061576046947,41.42475201898222,0.5620570913246832
3.662838894980836,-0.8604579177850753,27.998827792433243,1.1882283015452177
3.7439635586447944,-1.5840476898263183,40.08180732497435,0.38857204858398814
4.070476535559173,1.6315938300425126,39.38154047110059,1.064149338945212
4.189843999350309,0.8362032392621783,36.191410682395684,1.282856256862473
4.178280193269247,0.46110570654038874,36.69289195575728,1.1463185284643633
4.133463841884949,1.1699956224356662,26.825414417135562,1.5736592549445287
3.707589385544821,1.3425841503339027,37.00942086480761,0.7320597681605759
4.194407870390132,-0.06616400731590666,32.630444141416646,1.39898965678322
3.674594028739516,1.52475300563776,42.35161702683294,0.6567282105686281
3.5741343084175625,1.6656760428044217,31.261977634719806,1.1630583277766111
4.165666827738776,-0.9137956183008744,36.53190154727049,0.8872274501334275
3.6633941788276676,0.4301814391631771,33.531427994023886,0.9543203886833953
3.9828377855544255,0.1063361152818767,42.525238765006264,0.7352580819116539
3.540849451286412,0.1517831166076098,30.078333339783782,1.0212596449367743
4.011496369389233,1.7506523758582482,26.57604720618921,1.5798080141680582
4.117204148633688,-0.779245189227884,39.97311441966279,0.9066887151441868
3.6907058268261737,1.933735912938305,33.25793233816643,0.9612078583459533
3.7653398272542002,1.6085248592169283,36.78196718252583,1.0503661983540353
3.7620073283246414,-0.16510844554598947,25.527786634267024,1.4486105479680058
4.0241517802780935,1.2698130544726647,44.04219582794804,0.8990107919980519
3.666465069777327,1.0761879772805623,42.55236754769953,0.5122767501621639
3.6202971693333503,0.711579878474085,37.47735801154555,0.6315551041473244
3.814504154081417,-0.7206644424673829,25.34059684225236,1.410444657728473
3.713127885164124,-1.2141960327161843,32.559529479657535,0.779871914451694
4.087432385581057,0.6861107870630327,44.57593075484298,0.7054167620152927
3.666419278210947,1.3718931856043368,38.62660717480469,0.7406062328518548
3.851672620242483,-1.9349888452905213,28.21975722626838,1.0014768911859577
4.159808519788552,0.5712135012340482,34.21193497309001,1.2904905119393795
3.9437983884212624,-0.2285079015111502,44.334754876869724,0.38186874624447875
4.107102583823726,1.5923510205079343,35.69416348833187,1.308719304475212
4.158146782548338,-0.714108276583179,25.49229056059649,1.46798428325002
4.025535403320447,-0.10326075094551301,37.39544168551956,0.764603488306991
3.989702542157326,0.05906841614074532,30.424330618623195,1.2724713443140134
4.177575896622959,-1.438241914515788,26.97691903753809,1.47479636958871
4.196080552753376,0.8515692107956254,33.05816889463786,1.4271983229803544
3.8162751778688317,1.3219053804838383,36.1704619486449,1.0768954382070368
3.549608844728946,-1.768362892414959,25.340814360956053,0.8054851440519222
3.704955822008363,-0.834444717852389,36.18093617271895,0.6004633518890005
3.6066482939814115,-1.8478212738597684,35.22406293679275,0.5893337610116772
3.792240462357208,1.8261764187529694,40.8781676619752,0.9451779104201973
3.5919025299312795,0.6686752828152942,33.47099633630794,0.9860239317855006
3.9228824628146173,1.856801677819126,36.069008593397726,1.3183814672670693
3.767965641410498,0.1259771133252312,39.84018608114253,0.6056704139713449
4.126770119001748,1.2082740955824556,42.94291743563891,0.8898623206057233
4.1774562702589515,-0.50234406448104,32.60069152047375,1.1339533259525432
3.8828194311685955,-0.5847238697094364,37.03266991566293,0.7674324971015261
3.6923764989073176,-0.48692873157946925,38.89221806832764,0.5178302008324962
3.914561293133286,0.6314485349057128,25.865413528843924,1.4466682163100033
4.127732810757087,-0.5621873959133912,41.01521016972269,0.7430888073339204
3.784713342085024,1.6014698064169024,32.54860370430788,1.1822878888748807
3.8864547936843796,1.933099460200621,38.404778828872196,0.9958106266071661
3.690156937324302,-1.8782939386519764,34.433281324098985,0.7279617400151369
3.818810904615019,-1.225506838390014,39.046782853834145,0.6122766534384904
3.781199474765719,-1.551000029650456,39.48661958471558,0.48300408725021615
3.67388942555808,-1.830543811634227,28.831420269729346,0.894839349087571
3.854106468677716,-1.089036026610854,38.24348468572901,0.646083519110997
3.717266578185868,-0.2128267185236754,42.026468757641744,0.434576780850956
3.761124404716523,1.347961461154735,29.711344010099495,1.3311131344302627
3.867479309577985,-1.1127038779600156,40.163669397877555,0.6743341780818358
4.025416516050291,-0.024218977351194937,37.676502263104474,1.058949004139569
3.7334552260538927,1.7184749577870178,44.102520689451275,0.5003698435498207
4.146911136634535,0.6688588271466998,30.204931545835215,1.5064143236009586
4.103622982785132,1.19231607902399,28.08555555316007,1.4480219540347203
3.53408320718287,0.20397588074194495,31.242420305634,0.9694522896457614
3.677549766979776,1.92186583536252,30.159175563958375,1.366779870433283
3.8122948588614416,0.3546486187258968,40.136655209470256,0.6822795524353863
3.573239522119732,-1.8179571441496338,39.66218607693597,0.443626251947938
3.743933192323448,-1.2080688002408206,38.39369801710667,0.4664046667154502
4.018068267932378,-0.3809054841714081,29.327582289169754,1.219313596367872
3.976360136799978,0.4051086902951053,42.236136148781796,0.6985751730860363
3.9356690999962036,1.0877234696358395,44.13143111717855,0.7593901965605809
3.9973698819056422,-0.3476554963844549,35.632116362172894,0.9400446039526605
3.643446580871791,0.8402332200627547,37.98745461258772,0.6897078878962659
3.7391886804053125,1.1594780124364998,35.01384198041124,0.8835249426690039
3.9733697375942243,-0.7309592110000689,30.671154302052077,1.1949932845576086
4.1154643341219295,1.9170809601432741,30.722952079932085,1.6610550399925168
3.8805746376796666,0.5986259809433423,31.268410454698262,1.2829123326445568
3.6978897556618757,1.5239922431445247,28.81700008328308,1.3697371145472375
3.521164680604188,0.2237507552344269,43.03847265258635,0.31456927182469047
3.9972357802819496,0.9664124286092948,42.16796268093371,0.729977219085217
3.5055188724559083,1.0821762464654614,34.232787226376736,0.9181660656884819
3.760875348874697,1.632993516938316,32.34502825120341,1.1754695757825349
3.8713760501939474,-1.3986009725145188,43.78156713094197,0.3636639577652741
4.145478023237035,0.2331336966769939,29.447469384656202,1.5425985789411756
3.56264618152303,-0.28648594757657486,36.070839189336034,0.6418830276743887
3.7841596253777987,1.692636084694961,26.089963110843254,1.4298995647532715
3.5170192397971105,-1.5796212230040032,28.82404394034898,0.9536679980732243
3.7398276890391133,1.930295554723651,37.0805386671902,0.9649539934836213
3.9355617411878567,1.5018052963731852,38.243673056883395,0.8891871612397793
3.695347563760019,-1.7046948737430059,36.61991637346479,0.47398739909731136
3.646824964758945,-0.03613445783810221,42.3920283199858,0.4391038011308476
3.5809922633289655,0.8702380008501036,44.86810441645494,0.5840541297403665
3.9039981708142393,0.9526061827642258,40.277236843058226,0.7749154353388579
3.9866890041332805,1.6259765009516833,34.30183568287518,1.2045607829361475
3.970369998417076,1.1994617423292437,41.678693389082056,0.9676476234324797
4.164202714504356,-0.7562784786236421,27.407747883320035,1.4631985381456312
3.501892249725452,-0.006260856550190486,38.665413928918596,0.37258110638206876
3.9530376577258255,0.8071430517434162,35.36675574906868,0.9222232328741682
3.920274565968348,-1.4462526345425943,28.561317725114368,1.2941674438466135
3.912117726979202,-1.2240368095992107,44.458672345604285,0.45978056487032476
4.17393922388817,-0.07583020756050951,31.768748395574953,1.4083495870300398
3.511810171359028,-0.8070168051779492,37.30846811926767,0.5063663776322694
3.987537701491015,1.4502369991363797,42.57188475049904,0.7350346508341169
4.069575054791304,0.3451092860824718,35.133776878296416,1.1048083114749225
3.856865037635109,-0.6053392091265293,27.302757003528637,1.287736876992929
3.7337754087177664,1.3953321024176404,41.374781686945795,0.6006057964270406
4.053588114259184,1.2195137942169554,32.06427534117601,1.4123942832994363
3.5680700479426974,1.993419508397078,44.66133737783677,0.337964498627785
3.8094249464109478,1.3892307533349393,42.67650892889116,0.6384192149190765
3.8639666621995867,-0.3421738607772813,42.06898666697914,0.5467091568653751
3.985769487654183,-1.4900044729200461,32.125063550757986,0.965683035210487
3.5636200124226867,1.3625636328019115,40.14259555618131,0.40311005866502414
3.6594316510765026,-1.760968328158424,44.72658126003178,0.19396322634724564
3.787211093883088,-0.5989151706205833,35.526432239026626,0.7392595606607449
3.9363062711140917,1.678951923085095,34.41464309910463,1.3351482230655791
4.120872546852192,1.8430658937804028,25.293316419441418,1.770053323434099
3.933178317768964,0.5622583740848737,39.00407537469873,0.8051109322687036
3.593423029654454,0.7545932679348542,42.16955137203708,0.4915300736276372
4.186406092951098,-1.83018204509791,29.9491437216366,1.3553528493371925
4.110250014328845,0.05792136435819151,31.300491542293138,1.2616018030395368
3.851904532801727,0.1874727152253648,35.01354042652313,1.0658771926405661
4.145643587257643,-0.6395970155035555,26.44160314723034,1.6599410162702393
3.878966555629995,-1.7256126609844626,26.79284952197474,1.3021051278094073
4.146314247522414,-1.084369601102424,33.422215177761615,1.285515403366592
4.08092815802234,-0.5680642525552146,30.224379054068432,1.4178889347579418
4.177800487206008,-0.2594320539346815,33.12074605065537,1.3939680625072692
4.143847967544711,0.3637069021342767,34.08772596199876,1.393110601336351
3.5252236721999988,0.8895660747929455,44.52546793478236,0.35114673424317155
3.622340402912658,-0.7294725069042154,43.88519640205675,0.2255088212883817
3.7723942739708303,-0.6841849603240675,27.794603030795322,0.9563029806830277
4.166499888106795,-1.9212334291051851,42.65171947464493,0.4595672930798115
3.7100202436331506,-1.8365005596239268,26.60413324660157,1.0383291723348549
3.612327350721321,-0.9687132227658544,35.152709394355085,0.6359488447865281
4.120413266260592,0.9609799906998266,28.278198002195307,1.551197939002423
3.812476090838242,0.5132553214956488,32.31784290713868,1.0040906013545248
4.135512916048029,1.079156082711339,39.86680451297329,0.8498566627119577
3.6121613264241,1.075677744859287,33.490109587137,0.9485529069792761
3.96278225805567,1.426269870677205,41.13902575142667,0.8406814872541764
3.8081846269806445,0.8812770639475342,39.376314220750835,0.7042858300886757
3.5535407383211997,1.9160436760032913,43.856788924220325,0.41202822204911405
3.9875242012567504,1.5953008772072694,35.683120411717546,1.0726253488273338
3.6731791288774076,0.3468686648929369,41.0429590797559,0.514111928814052
3.5277308658056623,0.35263068196468694,31.458142126741038,0.846137285223855
3.541961008774701,-1.862931838591082,31.91491690179729,0.8233212103450194
3.5427549759467514,1.9941063108334172,33.01020927163011,1.0529283238690743
4.135413070239528,-1.4736960105354329,33.21831468596178,0.989272022013385
4.01791874248037,0.9613887865263679,27.06506441331949,1.5273839995761755
4.128643650049614,1.2840607804972355,35.38197878663727,1.1313291331174709
3.970807617907565,-0.5077818827791871,26.93606438538051,1.4832007545058294
3.8702579503216183,-1.212591781338745,42.79524271639528,0.5865779237295763
3.7131124550431647,-1.6049604528377799,26.236895664465862,1.2520380882984472
4.198573575930071,0.9944240233183113,33.993888606186175,1.2242802120493126
3.7535323412575727,-0.18938588317721727,30.69388132780861,1.0647132821995309
3.829454264449737,0.8548710360045426,28.09738831308958,1.321078605509499
3.7647716224464234,1.6616305954072024,40.67673381684425,0.8238678150024225
4.185668850534821,-1.4136650553957733,39.29864797839051,0.7228783105868816
3.622260869776504,1.6766840028951986,27.918957803630263,1.2397139495514575
3.729591600635656,-0.3534941619662533,37.655312822126206,0.6512773603068428
3.9762440662105014,-0.7789319604108438,40.85110334660892,0.6782513298890631
3.5442453328370416,1.7722490424111164,40.46664440739774,0.7042772876709422
3.9250745618080787,1.9626067704255976,26.84559195326723,1.5686605033711922
3.8343525520134913,-1.2044311289302074,38.71025438091553,0.6944874620232687
3.698799983733471,0.6273533878079331,39.32047841767154,0.7680790421903593
3.6668892966468407,-1.5740187449157585,42.24332534084054,0.2759328424320032
3.86015892030913,0.603656015430023,35.16088677729974,0.879866693607847
3.757549306375929,1.3092529111033988,34.221880006067146,0.9329967717267187
3.819563923883859,0.7379941860962704,44.3023264983894,0.5915505379240148
3.736234167234968,-0.330667431749617,40.93024511477507,0.4881624745192952
4.179345585517185,-0.4677345617449218,36.17461981612978,0.8987745306128023
3.593407602221923,-0.42751033910633174,31.61234142622559,0.9533124531517331
3.567762767224862,0.35884727197169264,41.90475992007021,0.45103612030568374
3.7403742101536412,1.5262690802899823,34.108727789288096,0.9248557575578794
3.9137188306093442,1.7162646290750714,26.853703843163213,1.6864864502961516
3.96142353029502,-1.7858815191707276,34.0980854542688,0.9731676452917761
3.7780797230176297,-1.2735104214172468,42.439367923002926,0.4092108929494875
4.19949459574552,-1.551102736686846,33.96564293788891,0.9588218596852919
3.74632509733513,-1.226661436932344,25.286982954807,1.0951792234124778
4.004984667571967,-0.6135687575633129,37.22970647832939,0.8499402189434321
3.9463078861715553,0.026126730490495298,44.91660006822798,0.3478066510027102
4.069137704273222,0.5178449080366088,41.34497168081023,0.8734403270728535
4.183357964417674,0.9285688765588058,37.34475893236296,1.0128871847920706
4.122855559511878,1.5604461655432282,43.287977735957696,0.8941358943402224
4.035193382050396,1.9563537489191631,41.27163363302124,0.9278759154034589
3.9887739344728037,0.6514259142284793,34.97278705480081,1.1798235196234743
3.73484871877313,1.3814580746710519,36.82440570814764,0.8175248656747651
3.603379904744695,1.1121553876987957,39.625856184060396,0.6796616078406181
3.543845202141867,-0.7698718431251521,41.92852327957729,0.1677942739244622
3.6693311929410393,1.502769080939692,26.16352804753423,1.4901872959529257
3.802597036826909,-1.8289474482088046,40.49607714322302,0.4426231471690554
3.865397391540988,-1.9985306249941686,33.950068799564036,0.8580067384976159
4.04115848783841,-0.9050694824461432,38.215971206030815,0.6954528982579284
4.1711186461396155,-0.1516098814902005,40.292660219177,0.939897480757037
3.5821243362693678,0.5534515800027093,35.79003850054897,0.8039506079917507
3.574902898135654,-1.5929189338218208,28.170297011607982,0.9709950740037127
3.912786306109486,0.6920405353393599,33.19053663036532,1.1798910325937084
4.021778651763105,1.2072634682387782,26.537459875047595,1.5897520210266367
4.09370526624289,-1.2587483216825328,38.78601382310528,0.9245480850781044
4.155082456151752,-0.3394989806728246,44.07412363926167,0.6553118406992896
4.188398369582449,0.07993995981323909,40.90505624448374,0.8207031224257685
3.779861184557168,-0.1927719276620774,32.79572845574238,0.9809665942997969
3.7662346284693013,1.1993197235538826,36.68582992010989,0.8269529217339516
3.603466073688091,1.8420895924773233,31.084013516937382,1.106034892649442
3.979454107078492,1.1958126560327198,35.8209119910993,1.096428879384311
3.959733370908586,-1.6880287284967017,31.014538115692805,1.0143281689371137
4.103443817095846,1.2197422886365086,39.7664951359722,1.0259998513126811
3.5680805963513484,-1.7336146710577953,30.18683015974051,1.009529581483771
3.8484438354777395,-1.05611845903372,44.28040780867789,0.4313734324817629
3.906757350770444,-1.3876124126571088,38.23897464347063,0.7912502368288779
3.669089928027943,-1.2099235726156583,26.375556953676874,1.0782218009373266
3.618317784290413,0.11326050822940248,25.215555270113864,1.224669107470021
4.101706585493735,0.6867594304434146,44.94092688410201,0.6550064039955565
3.540974445564891,-0.11871487065583608,29.41011156431587,1.0815939563409342
3.829434632742651,1.8387825561169744,31.251254969143552,1.0871079022512855
3.5810838009106196,-1.0388307198793334,29.16828028404217,0.8411450969182553
3.819941132931957,1.0525609210191718,43.56203544942365,0.6113466973665264
4.1859736284396165,1.480728714028594,38.040257193372284,1.153832314935684
3.796594447418831,0.2482644430188765,35.08772647112222,1.1248292021532629
4.099987442253197,-0.17510999215378753,36.15301628985141,1.0895977174435545
3.5821208949282357,0.3847377871169746,31.357456945983746,0.9118664135092268
3.689876453733305,-0.28476091935862824,37.28350004727683,0.5325017164596743
3.7826549184671343,0.22077552929347766,33.39200726909864,0.9662796289076236
3.7798684980065316,-0.3322641914847937,28.984562928483584,1.0331313747640718
3.969968435069107,-0.3981211588234639,38.132101994197626,0.8792357539979905
3.7413026891628554,0.7813858725581193,32.47681138518424,1.0893205326347661
3.9996368078870117,-1.6285951477281282,40.70132758234323,0.6338230648402067
3.9474308294577747,-1.3338317090847167,33.307899150190536,1.1723411186819472
3.7794128016783413,1.4047938868600158,35.165427500923926,0.9370503766726143
3.8022320893580237,1.084309387260752,40.74932958361792,0.7132865013162051
3.9301693898672245,-0.8741850908224249,33.95756185839463,0.8445703964561919
3.549029533101251,-0.4909242693369591,44.32442270248329,0.21094725949800264
4.075684716848984,1.704106026513922,40.86057334390223,1.1396885988455714
3.9573948127795457,1.272308900695445,41.52860810629957,0.8778490936122949
4.008439725092485,0.45738519991852344,44.07840933407455,0.6362771562939434
3.8758461007576734,-1.114039284788169,32.77701257686415,0.9880007380903354
3.5773339776942215,-1.8229921147389216,36.601605283643416,0.3706687449355327
3.783524929307865,-0.27496861263240735,38.87183481591207,0.6380054772872222
3.7837615079939892,0.6905085570298475,38.46916967081262,0.8027506852151847
3.724730093030252,1.3139219620714062,44.058735891220394,0.5457086654381512
3.5209652274333245,1.4107560229690774,30.76697267756669,0.9143410031820385
4.016077969817534,-1.8688963948265465,30.827230572519838,1.115765728687105
3.5768491206437507,-1.0233718646524825,43.360088040782934,0.2613724451976515
3.92441569313156,-0.6436216460903879,40.98611283453119,0.5957180582292154
3.992252247527051,-1.2450711561624566,29.067132481391955,1.217130333491342
3.944350426053586,1.2119015134553512,36.40093756185536,0.9138394161534771
4.171399576384583,1.06986305233977,39.91527468192656,0.8832227130744217
3.5723087085595973,0.0673321615238831,32.06072780895018,0.917781647930421
4.10701701137364,1.9317059119834221,33.6876450244278,1.3169279288468831
3.5204331643942393,-1.423765835636631,36.50793223321786,0.495374467828981
3.874441798448959,1.5986068133106754,34.34217115096421,1.2388104499288886
3.7829705325574814,-1.5341469833523353,40.06084780138066,0.4742292913554548
3.8669287022756307,-1.3472731779435172,25.118775073661396,1.0351172146326002
3.755569913942007,0.7848768010024751,33.69265048782101,1.0076887316665122
3.6333968404580474,-1.5617212318332427,31.75162750657743,0.7515198876090339
3.5133860282140827,0.26338038167484346,37.18328105659654,0.6030747696552228
3.862704869653822,-0.3190658541093856,40.51916883762719,0.7360014627225326
4.08994380387939,0.9138958621640594,26.522903244030605,1.4703520681363367
3.761251169021356,1.6027009552354605,28.161194672023846,1.409481842628101
3.6560046726104862,1.0794860586762214,38.30163248284067,0.9091006437440523
3.556372402430291,1.3987595056847533,39.76804882030834,0.5783398797574166
3.5597176461830924,-1.8682182058750705,36.7640355415767,0.5140115432803962
3.6549775124049404,-0.7592180070231875,44.65606697935853,0.346389686910293
3.5700098426450886,0.06173234674532946,34.98922978213149,0.7767417793297299
3.6855277888551377,-0.3361867414808821,27.72584670195287,1.0914487449197217
3.5463046234818685,-1.0749801880812462,38.7258212074216,0.36767205618730286
3.545923407046948,-0.7685036081599068,37.04151044389596,0.627600517298673
4.099393325735948,1.781723881566423,36.80842950060527,1.2665411502197155
3.613484182496183,-0.8232764805145938,35.91707270492796,0.5726108029423481
3.8917776840764136,-0.5843835592808571,43.781914190990776,0.35906299793975627
4.041418881114321,-1.9851609049999253,27.58312793653116,1.1232400580385744
3.819486695737347,1.380310509111498,26.463945970499566,1.6546396255207907
3.607358214501542,-1.3806371863936935,28.082343387546395,0.9761753500953402
3.6397172994840803,-1.1834228979450958,29.89980419809901,1.1704924685047375
3.8030889443968268,-0.9789419316318977,36.85892638872939,0.7768763087851737
3.8697638624249753,1.5384882273793705,37.24850498193469,1.0442105096220649
3.7446082044339746,-1.1741943550147411,29.652037549141685,1.051831678975742
4.0470357201642635,1.1901054434717597,34.78450998621875,1.312625034170959
4.025715154199479,1.2321973612916182,34.64123705535469,1.1125521727966552
4.149048265161182,1.7080822751455833,34.0622153257045,1.5880325576792342
3.5202667843188724,-1.5377547455987441,41.07090589825316,0.2468358092894946
4.126983903847142,-1.1308841106486747,34.433861397512636,0.983767242533219
3.774798151923506,0.9715931683228853,40.16730991912332,0.7614086274514185
4.114860746765996,-1.2159969828770438,28.329622636095962,1.4515555802467743
3.983549343309571,-0.8546818125062039,35.63934688146336,0.8202935274146134
4.191144129951778,-1.3330336795545494,41.482095521263915,0.7830796841917008
4.031497716201668,-1.3092132553798028,28.554331678325152,1.1917660761282811
3.7551812381977507,-0.0737865814871772,34.29844337395325,0.8556986865745959
3.8507442209843266,-1.5612677515481659,37.18158632071433,0.631366621622992
3.763472408636046,-0.7132095261455111,28.695491496745746,1.2046893052419856
3.7554382852148667,-0.293624361604484,40.13531211822806,0.48177148439911704
3.6826331495667417,-1.9018075339040896,26.579924955926348,1.077927814513454
3.847179206761429,-0.4466673341021896,43.928310178154376,0.41760141600680284
3.977217961548553,-1.6235102556579322,34.364429884362714,0.818759035504205
3.6941381899136707,-0.025685875415293324,31.72246172730953,0.8758526987571156
3.867065867754054,1.3029527542283854,27.336140143252806,1.3501455432364355
3.58216620591939,1.2736886487271488,33.651932861357295,0.7889089641831428
3.611891700797934,-1.678205937850398,38.19608058781544,0.5403162867576686
3.5327644482985323,0.40491103069808076,26.88974558284768,1.1447736214732744
4.179512009939443,1.3383455278849459,31.12538190335497,1.51908905758498
3.502702246057183,-1.0481098282614587,41.72035165545422,0.3788819430893301
3.6250059776403596,1.0477060457983964,37.92362051196655,0.6240820476366087
3.929006727181895,1.5630573858003731,29.127460237152476,1.3560828682181683
3.5569587191973135,1.2244966057617765,28.218195915861784,1.226882521890586
4.117327552167783,-1.570795873937982,43.089700524018,0.3881567177147134
4.003734110489602,-1.9637600019104604,30.740404426819687,1.0113468045110037
4.176472980006525,-1.2331035603126175,28.590003377972607,1.2782312537646285
3.8553448830685353,-0.9180906362135071,44.99928037085205,0.38992058020097475
3.710282578210941,0.46473196246383797,31.183836555558116,1.0418975865797497
3.8846504009566902,-0.46290729903072636,27.494803756187274,1.4990392908949426
4.151573102108581,0.8136281226458939,34.23515259505894,1.3694954911945885
3.8645330060693026,-0.5877001579135657,33.68690220396964,0.8767341298311422
3.687044922303623,-1.3822983013815988,43.536049516606624,0.2271677958983594
4.114179152421884,-0.7492406260558595,27.684098949526096,1.3860379453218836
3.760343123958723,1.53729690555654,26.82272812258614,1.7754909061085096
3.500968344999299,1.8341293769802594,26.859573418133603,1.1400921438930411
3.6733795157446214,-1.169949063730526,43.085749316444726,0.320437258866407
3.7227634564239436,1.1538735480977653,33.98738355922154,0.8135093828093067
4.101144227762331,-0.9066050538405173,28.012130563104513,1.3788401817737619
3.8209522169465115,1.5485261737256302,36.87660196758581,1.1766781270467312
3.8112111014679106,-1.3378175488149782,35.75246711301664,0.7055971173277966
3.735271586479921,0.6638396747762276,28.968134954977987,1.343122772411873
4.116474686132956,-1.66315494114727,37.06076278852742,0.8555671241566508
4.161518743858274,1.895573295895478,31.80462468633891,1.4701393442908501
4.194323230408241,0.8025333785621713,29.7674153546174,1.5027431955164758
3.7637188868726907,1.367262957620341,35.20801221798056,0.9522386411558893
4.17630321193902,0.26667735745213816,30.83298523032775,1.3458248953971574
4.054315698741631,-0.09279454428455924,29.442798435224265,1.2235821716970225
3.972982403350987,0.4875295655774603,42.594448165993484,0.8507983034987069
3.6714226355940696,0.11496604679779221,28.115251531468346,1.136422233442866
3.651520082660947,-0.1224625794193881,30.61179954569665,1.0426052537124668
3.616233477164872,1.037801005830571,32.72276759699651,0.9113519696046628
4.145929627157756,-1.2871961802429275,30.472766206000458,1.3614918666276477
3.7058536636682162,-1.315311807379366,29.21421285155539,0.9745001634612622
3.817165971814215,-0.2726293974011753,40.42292194109176,0.6145038766894643
3.8457704837910565,-0.717008335820216,31.58032317447163,0.8584246828185419
4.044720116815178,-1.7035019283479036,27.250259153986768,1.3380385523504568
4.0909644730871175,1.3778819696749376,35.81790324913392,1.3917187361538048
3.597350890804029,1.086411226777399,27.509769944728205,1.1643904904041587
3.7988330521477516,0.17568599921193906,32.15039214881856,1.0234092136134434
4.08999842148482,1.9172981490574759,42.63653524544568,0.8090695518513354
4.072623314029087,-1.7095997338095787,32.38322390212439,1.073631368757221
3.5716896309166914,1.0666772041115,37.650179485765,0.7307439075552665
3.609468344207574,-0.9345184335636127,35.29251072017263,0.739058571729756
3.7129390841195855,-0.5256043202256984,27.754496915559514,1.213919435763256
3.5527513483583384,-1.1228824591877298,37.981391955816704,0.3943164955226685
3.7972641019884152,1.1561515658474608,42.120699938676125,0.6901598359492674
3.5753323936047074,-1.423039591913736,26.86424948090688,0.9843861316143301
3.8977523155688916,1.360066790941112,40.07360178259583,0.751649913124872
3.672589857867809,0.6463105929193356,38.80422563037956,0.6825470909841599
3.9175031457447362,-1.763907018923541,42.33321149994292,0.829366946628527
3.5822679500325463,1.2439269264006136,27.08183864266934,1.509405388929971
4.183118707892974,0.5110228646519177,31.113907587933575,1.4375726623703595
4.152792842700139,1.619929278313366,38.885829744527484,1.298542151296135
3.7742578569952663,0.994889225634553,25.440359577733005,1.464913107158864
3.6695250158882597,0.24448370971909927,39.68151355460977,0.6037263704190552
3.675278748997501,1.346188722476791,42.159571580022416,0.4043782387818321
3.8383754746416745,-0.8877990467951116,34.06608104753515,0.7987683185984746
3.527994961330502,0.18780024737825451,33.686598068533044,0.7256966678438768
3.947793574252589,-0.8255327207863594,30.56937924138732,1.1631851709953531
3.7858120358378216,1.8728175643620348,25.101037400101745,1.5836967650035187
3.764184600812221,-1.0952147966319745,28.726070333327122,1.031209989099814
4.066555480042439,-1.93704704131815,44.59728236844742,0.3641386935221365
3.996324822128303,-0.6965806319848151,42.34572154242713,0.5938679216091788
4.168033670774885,0.010037587879218712,30.33009277497843,1.2639815245131911
3.7463553683469835,-1.8865482630796997,44.27497714242093,0.15878121837701586
4.128279935254584,0.2369932001356294,32.354252319065715,1.2576536717576565
4.0389770303750625,1.4971310998049208,30.9517074950236,1.304516763184568
3.7501972561162993,0.8189287776666805,28.056152708997704,1.2711995322717375
3.9351658055172805,0.49187329191321716,43.03222139021348,0.5687116071892928
3.701998970356187,1.8238470028330052,44.73984982133719,0.6603297276667195
4.1120799419523895,1.8331173353684234,31.54822808105365,1.45997590913692
3.5786991220486177,1.2970658788129144,39.06860846716854,0.6624109831312389
3.6487040529058286,0.4309673895434041,31.706068196191094,1.0546889768810017
3.628123304455945,-0.04894176200917322,27.099814786109103,1.235498229296852
3.782118201683002,-1.9467355470141308,32.85384613764648,0.6364926991643489
4.02166307202249,0.42504762490616566,36.03139921522352,1.01842054123443
3.868835214336526,1.956352301427415,27.460335183529885,1.4398998883766063
3.8413734264767454,1.272404200096116,41.365455495795224,0.7334120193342502
3.5003821754278968,-0.6375814244625921,34.947262337865794,0.585513011340087
3.7977812077485384,-1.391811899822312,29.68765905009146,1.0505896492229534
3.544487642385311,1.1362344578686163,36.855191570858864,0.6539592923574205
3.6457772764850387,0.9757512825269661,40.865186121088044,0.5495831915858023
4.1526757572723465,1.8681871679172923,31.552486981039515,1.4569514309381604
3.650778743040267,1.4993694477573554,39.02952648801189,0.8622648775504174
4.100836347043984,0.22265050108962958,33.55718359961375,1.251791678987118
4.062025360092934,-1.5948630121410314,44.28102337691202,0.5067691527639162
3.61140236585957,-0.06599736646415977,40.41880173205463,0.4718100047715487
3.9239983700891954,-0.745219783910732,32.12701805044042,1.027454192939987
3.5809633103335092,0.04963392809935918,25.35495918123524,1.2999900398313935
4.0095217108586585,-0.7931937014413872,38.150397907608564,0.8975693254558721
3.9462235941605446,1.447291967902383,28.957443171697047,1.4607282326806508
4.068356993183714,1.3773080559312887,27.437583512982656,1.7278663197202055
3.8355691845724316,-0.7381393713317763,43.635529027935874,0.5567235434222491
4.140404161483368,0.39832538549597984,44.99897940429834,0.5216966774341467
3.5345442627519077,-0.27927656944378354,30.3977764112877,0.9694023948958764
3.7050219955189103,1.6363710281142527,31.03537104331876,1.2011237546596203
4.000536818225617,-1.2505563942947089,28.299778784763376,1.2991600754871167
3.7926764482236006,0.7909136071398373,34.15369551859247,1.1378777513435545
3.6210659479898095,1.8815013113488663,42.31687519671495,0.5149987185828617
3.5750475217999824,-1.2988979217476393,39.03011904249755,0.25911011071808965
4.072137378023135,-1.1921342863031872,41.92663116153175,0.7455703251943928
3.831200084925951,0.7748933546889116,29.56963311347161,1.180999274750435
4.117598570343375,1.1166156980996558,39.6091213481696,0.9449025502497446
4.013302394021708,-0.03780378082426905,43.3705325679212,0.6574667586786734
3.7868083439415208,0.4387458605884853,30.62832228428781,1.094614130487387
3.7614577099089788,-1.149270364752685,38.813070871823705,0.41821875403827136
3.8609468426558764,-0.09354308573069581,33.01314823379709,1.0460700463377621
4.12234196723281,-1.5517124765003394,30.80453290317845,1.1120930183578244
4.016095005799918,-0.7143122988973412,44.39246937508699,0.5799977932028859
3.503607074988316,-0.8608811798761828,31.972664599365856,0.7171959489280445
3.985910495958388,-0.22149855959031983,27.156993625213744,1.3412931960790728
4.143655184834074,1.7205054489747877,32.77178419240671,1.413019910749974
3.997319031653144,-1.2749293514086304,33.953565819199646,1.0781674437402224
3.623904047097247,-0.394447013501118,40.04421650998476,0.5858677142824915
3.838462689199221,0.46238887643857884,43.99828533894005,0.42392588489033795
3.5982212125463935,1.7862283442960067,41.34113967588425,0.9102914643265552
3.7512966948377424,-1.4674072338569273,43.618826225102126,0.26564801928711773
4.155981929358362,1.671506467972454,34.501202599498626,1.2360362944772174
4.146313715291096,-1.6757848454637538,39.38633136472868,0.8543477469258351
3.697985796523258,-0.07703441135894229,31.18099170024805,0.9856697856825485
3.7377417309163397,-0.18164053107806888,26.391742170380358,1.4940400007985777
3.920149007691906,-1.1615890844912178,32.30947050651987,1.0972127071573718
4.1742381066822665,-0.61016132753661,38.95830456656596,0.8931633289647509
3.6034609338457733,-0.1833389266064076,30.492442204960874,1.136997338556577
3.6798416505806686,1.460845851642517,42.22811791283042,0.6954793660762432
4.1114897791035405,1.820256581494239,40.81545699965804,0.8964061338455109
3.8443245621958413,0.07570271454866084,28.88085098369206,1.3433943267645918
4.129272764558922,1.4803991611776874,31.616735249816134,1.4060453446233623
3.6298625282662234,0.4326863427071177,41.50605235098183,0.5005371579833089
3.8728680112299525,-0.6036506320492983,29.878755790225988,1.1698102000664834
3.728388742854561,-1.2232231695461238,31.632042913342612,0.8180380561498233
3.721579791924733,-0.34746091286894076,31.861338648461732,0.843958602748262
3.8128138747623392,0.091297131695391,41.02084055651534,0.6638357987694391
3.803154214370888,-1.8222264469617753,25.740605312100335,1.0541316898914406
3.750142815774568,-1.4166353365165971,26.475739662428285,0.9021291915921967
4.140479539220933,0.40073769592576003,36.569030963258754,1.026347338447148
4.012220929803025,-1.0999936212913517,32.94223981992133,1.084552539885755
4.009282893932071,1.3493055043251898,37.65770639221415,1.0315551432172647
3.702939414714369,-0.6922310009032375,30.32922552358766,1.1330863080923588
3.904396597021788,-1.5806631709869965,43.19165354963121,0.4338039728781604
4.045425603311284,-1.6658776457787319,40.21883774348912,0.5776373053708614
4.056913257980249,1.7484920821271186,26.35492441100792,1.6529839132005406
3.7411713225280185,-1.5279187550324833,40.67810954570068,0.2884684370544126
4.039610929598053,-1.43636094335176,44.39164744624503,0.5730889065418026
4.0151257277654135,1.4506642317310119,43.84871241174946,0.6251088034131216
3.5990545399353304,-0.9828474788906241,39.70967596050895,0.34352886882829425
4.106161827996534,0.6638056430176644,27.47187506962431,1.5510714683752613
3.8089250291262875,1.2669027481195654,36.52153531680908,0.967096355808986
3.8404873142220657,0.4287225605207685,30.684654576809777,1.046715610816055
3.8138584252285983,1.8299541737913976,44.404258872724945,0.5419297918809612
3.897492201034255,0.8355315970433654,39.349714507232186,0.8708160352906378
3.9348184731569384,-1.5489939603853666,37.215311795748384,0.8516802812836004
3.8487256960340606,0.2336401061835196,38.901760852094526,0.8072843114464852
4.106751980281367,0.8727461043567355,33.75958258219361,1.2714408913638644
3.9394143293366994,1.2078289614937807,32.45473502875213,1.0993953018604476
3.780999564513864,-1.8947146588636339,43.715991588799284,0.20969441517816806
3.7916842298360978,0.8755156610856978,31.638542695853733,1.2119528163322566
4.067587030590266,1.302723284077798,25.828722634654387,1.794241785073735
3.743734359922564,0.987335243741426,33.016803083089144,1.1574450129810052
3.6480183570476896,0.04939658262239233,40.80680705243344,0.53201932001851
3.5415682316040527,-0.16791614764478835,37.96936716097839,0.684297835974356
4.1132187935444025,0.19767433319926342,44.243415509557494,0.9749958846395297
4.142982515833245,0.8185747953064082,27.124037352382754,1.5663571814565058
3.584084127514433,1.6916571625299417,43.23092604458767,0.44016672374920984
3.7341316190472806,0.46814084256449995,32.376983878281244,1.1937053162534563
3.622760448660671,1.5513372251338784,34.480051708438246,0.9906099036924869
3.581128928178116,0.8050273897829094,33.56964308978469,0.9200416030564645
4.1299067201000215,-1.7266544902446097,27.329045621848827,1.391054406719025
3.5398140814017487,0.003312760006487281,29.955929114503775,0.9149560267381878
4.186339964428305,-0.8540546067390307,39.84543138459584,0.7492814167210586
3.567515602488169,-0.8593002874697109,25.460150836913904,1.0606086001942208
4.10442945443551,-0.5762897951360633,27.67775548772549,1.5561784898880773
3.896554274892414,-0.7410689119980969,25.504203375827,1.2346068659650715
3.7575422414725113,0.31443992046840075,42.147761146470984,0.6042009683189037
3.7396396636376106,0.7344060014142282,37.346496555635596,0.7680947909034191
4.030154900266396,-0.9250024516930582,28.398573242371178,1.2733428340270778
3.720201306503001,-1.4809495097264747,40.37544446107507,0.511568838186533
3.9601232416319996,-1.7647651162621516,44.336011949031075,0.4632080514004204
3.862128258461256,0.30301138012220896,43.69120749060036,0.5835281981917751
3.8394759516106496,-1.2554793346679904,43.43095095624331,0.20322571861188943
4.1308135194544136,-1.9630080231052025,25.156204308114866,1.5945549167694049
3.888251541034182,1.7110123172948164,36.78026977970557,1.1848834731880862
4.078803122134087,0.14856167633296247,30.132652332780587,1.3725294198072417
4.007901473871042,-1.630207279012109,36.29294428619718,0.8288888711946008
3.526990072241299,1.3716844485099413,31.360605783211092,1.2181761271213642
4.041177036753794,1.9328109531604722,28.07333085545225,1.713160905400463
3.6518091750637285,-0.2055973519291312,33.88987446716693,0.8382835236358579
4.1322047527961,-1.8300415670473673,34.901926543527466,0.9352089754910451
3.5300469334261826,-1.529816236975746,44.795310136952494,0.05893201175202549
3.733150424132023,-0.4733850134182713,25.8477576827708,1.3912021168517652
3.569813063064328,1.5420905497955082,31.02310397794553,1.2059221786979721
3.8329123819593907,-1.4078452828889518,42.03787690176645,0.2790179928444748
4.074015705108827,1.295960376010782,38.193909962520856,1.1181757729378203
3.708731151764145,-1.9400949591239223,41.533660636917915,0.4118314116143742
3.605654428117729,-0.17044520485675596,38.205818371195555,0.4459763440397848
3.7311869249878296,0.5775885638022724,40.19072618292266,0.6597569195817427
4.069716099344445,-1.7584820718976144,34.858434999941146,0.7523269517166408
3.598268770459543,0.45905100246594666,29.09755385795195,1.1227648302648157
3.659153714354251,1.7776164858782244,41.200077216744,0.4708419376073031
3.548196375145362,-1.3589603194536197,36.356413093279386,0.4618462236216296
3.9939970307927255,0.9184455321414111,27.790103875736595,1.4370306895327056
3.776663270475436,0.4363755917741736,41.097880537417325,0.5615228396250952
3.717587984000321,-1.2595344444830778,44.171718207251566,0.41292503568679517
4.0030384732388065,-1.9751863411625359,31.923277452569316,1.0619954814963553
3.7351842796381787,-1.9628621979762917,30.87024504172887,0.8348736378303119
4.009439891250093,0.1283696366881144,26.63550356415132,1.3943619252469002
4.070639576720019,1.7711176382447742,38.28982452898831,1.088190609394552
3.652363990420417,0.5771945098624496,44.179232369929935,0.3025013289541083
4.181673087792189,0.8571993851749746,27.71985379983215,1.7242064103953882
3.613650563538867,-0.024538052317851555,34.70319262638631,0.9916185580808844
3.7035886346597198,0.3275557705382792,26.964763693064956,1.382349426470595
3.6258567035834792,-1.4945298986775861,25.682198074196315,1.1377058334853758
3.741853959449434,1.5072824816025232,38.29002101335291,0.8389620907778959
3.836042621474529,1.0431705146672074,42.35374350686996,0.6313490822092467
3.8655231083014834,1.9927958113784383,31.751410722520596,1.4921036780916115
4.097524229607391,-0.8091082097775146,42.51530348820199,0.6039974045851689
4.122613536171107,-1.0919289128157685,27.341061983020637,1.5656933405767413
3.6540727025466344,-1.4993533681546283,29.759213638349525,0.8068009488476898
3.9360258225300266,1.8568390264641792,43.03213453813437,0.7596720860708974
3.578047240109101,1.1235407385120944,35.17019787381341,0.6870715889648308
3.821278902127448,-1.3347015451214452,37.16384767594048,0.6991561133028728
3.7256334766326327,0.21074588443285558,25.760364650850157,1.2146270273559996
3.7215505218175244,-0.34492716773089294,27.56779820295778,1.3587076790303327
3.8378089691984707,-1.3940559687752287,26.115816250017062,1.2824970962266602
4.010879344870487,-1.351708059880138,43.100014798993385,0.5711836701593395
3.5484278611546727,1.8538799789807427,27.695899277418942,1.312760381751875
4.115421336381183,-0.7801432681691112,41.99345653217509,0.5938537006020485
4.014369642241393,1.765757166735773,32.020693987449064,1.398011595643481
3.623549572222342,-1.6975573077396624,41.0119499273156,0.49983954220266796
4.157412636361159,-0.15678783082723768,32.300870949134946,1.2803220075139707
3.854418556816372,-1.4815238059329596,30.353680793857528,0.9305549493228064
4.199866004681876,-1.9808504590353113,26.873214023781145,1.2129261905152213
3.6380816320105165,0.21506429482430622,30.614131811482675,0.9661242822764501
3.874435738868241,-1.5444235807545463,34.429594334345595,0.6599600526609462
3.7031736297919498,0.8880981237347187,41.35017597793591,0.6965742912353009
3.7129214901724725,0.7924655028275982,34.05029909537396,1.0538933652530171
3.9137457665837934,-1.2946683701420434,44.42871149875235,0.30115144193477794
4.145203346809583,1.7669685730620666,35.83266021709646,1.3481043200650344
4.063684698905423,0.8841736337299584,25.49891259622887,1.6004055574996496
4.006758978950928,-0.8081189433722802,33.30734600382545,1.0539906624596627
3.8914216474711916,0.8369350558031625,38.77798214773027,0.9059851065801344
4.145608952567214,0.9277211107261438,29.685832924996497,1.4660107307158894
3.844652984683619,-0.6310946749961577,38.97259901696317,0.7213380057960703
4.111682524834303,-0.4976457501541631,35.07394610363033,0.906143082140324
4.0837871507136425,-0.5635739693867996,25.514755511662305,1.5383033317765513
3.6496847427611105,0.4664737742082963,40.487058989604115,0.5735785456346275
4.039857824076138,1.6016405861607175,36.2074740762815,0.973051518030482
3.5085198098602812,-1.3072270550856495,26.64987006162187,0.8117786390393895
3.7259806762836614,1.5007984393452736,34.50428066924546,0.8470999233081244
3.660697211284365,-1.88938737397863,30.745857635494932,0.8776871121188409
3.8548040709411193,0.6413543839128897,42.59363085175866,0.6452127081493052
4.01579721317655,-0.34224450724122324,30.698541056144975,1.2693023034096174
3.568373457213407,1.165126208929975,43.83374141948398,0.2900491207173671
3.860445541355738,0.8847924517236119,35.92265498694225,1.1085557558408918
4.15688841518607,-0.0795687714192641,31.472274190934428,1.4265354259233398
3.660052585688062,0.5754561468903869,41.270900348351546,0.4793411037507712
3.973998800877997,0.007092522799780898,38.948007567315315,0.9527140621741901
